{
  "val": {
    "accuracy": 0.81863125,
    "f1": 0.8167031967508227,
    "precision": 0.8254785040284995,
    "recall": 0.8081125,
    "roc_auc": 0.8979740389453126
  },
  "test": {
    "accuracy": 0.81783125,
    "f1": 0.8155755079313858,
    "precision": 0.825801160898479,
    "recall": 0.8056,
    "roc_auc": 0.89764619484375
  }
}