{
  "val": {
    "accuracy": 0.82160625,
    "f1": 0.822288218959742,
    "precision": 0.8191567221574416,
    "recall": 0.82544375,
    "roc_auc": 0.8993071121875
  },
  "test": {
    "accuracy": 0.8199625,
    "f1": 0.8203677951621654,
    "precision": 0.8185251552369931,
    "recall": 0.82221875,
    "roc_auc": 0.8984801896484375
  }
}